name,email,company,title
Test User 1,testuser1@example.com,Company 2,Title 2
Test User 2,testuser2@example.com,Company 3,Title 3
Test User 3,testuser3@example.com,Company 4,Title 4
Test User 4,testuser4@example.com,Company 5,Title 5
Test User 5,testuser5@example.com,Company 6,Title 1
Test User 6,testuser6@example.com,Company 7,Title 2
Test User 7,testuser7@example.com,Company 8,Title 3
Test User 8,testuser8@example.com,Company 9,Title 4
Test User 9,testuser9@example.com,Company 10,Title 5
Test User 10,testuser10@example.com,Company 1,Title 1
Test User 11,testuser11@example.com,Company 2,Title 2
Test User 12,testuser12@example.com,Company 3,Title 3
Test User 13,testuser13@example.com,Company 4,Title 4
Test User 14,testuser14@example.com,Company 5,Title 5
Test User 15,testuser15@example.com,Company 6,Title 1
Test User 16,testuser16@example.com,Company 7,Title 2
Test User 17,testuser17@example.com,Company 8,Title 3
Test User 18,testuser18@example.com,Company 9,Title 4
Test User 19,testuser19@example.com,Company 10,Title 5
Test User 20,testuser20@example.com,Company 1,Title 1
Test User 21,testuser21@example.com,Company 2,Title 2
Test User 22,testuser22@example.com,Company 3,Title 3
Test User 23,testuser23@example.com,Company 4,Title 4
Test User 24,testuser24@example.com,Company 5,Title 5
Test User 25,testuser25@example.com,Company 6,Title 1
Test User 26,testuser26@example.com,Company 7,Title 2
Test User 27,testuser27@example.com,Company 8,Title 3
Test User 28,testuser28@example.com,Company 9,Title 4
Test User 29,testuser29@example.com,Company 10,Title 5
Test User 30,testuser30@example.com,Company 1,Title 1
Test User 31,testuser31@example.com,Company 2,Title 2
Test User 32,testuser32@example.com,Company 3,Title 3
Test User 33,testuser33@example.com,Company 4,Title 4
Test User 34,testuser34@example.com,Company 5,Title 5
Test User 35,testuser35@example.com,Company 6,Title 1
Test User 36,testuser36@example.com,Company 7,Title 2
Test User 37,testuser37@example.com,Company 8,Title 3
Test User 38,testuser38@example.com,Company 9,Title 4
Test User 39,testuser39@example.com,Company 10,Title 5
Test User 40,testuser40@example.com,Company 1,Title 1
Test User 41,testuser41@example.com,Company 2,Title 2
Test User 42,testuser42@example.com,Company 3,Title 3
Test User 43,testuser43@example.com,Company 4,Title 4
Test User 44,testuser44@example.com,Company 5,Title 5
Test User 45,testuser45@example.com,Company 6,Title 1
Test User 46,testuser46@example.com,Company 7,Title 2
Test User 47,testuser47@example.com,Company 8,Title 3
Test User 48,testuser48@example.com,Company 9,Title 4
Test User 49,testuser49@example.com,Company 10,Title 5
Test User 50,testuser50@example.com,Company 1,Title 1
Test User 51,testuser51@example.com,Company 2,Title 2
Test User 52,testuser52@example.com,Company 3,Title 3
Test User 53,testuser53@example.com,Company 4,Title 4
Test User 54,testuser54@example.com,Company 5,Title 5
Test User 55,testuser55@example.com,Company 6,Title 1
Test User 56,testuser56@example.com,Company 7,Title 2
Test User 57,testuser57@example.com,Company 8,Title 3
Test User 58,testuser58@example.com,Company 9,Title 4
Test User 59,testuser59@example.com,Company 10,Title 5
Test User 60,testuser60@example.com,Company 1,Title 1
Test User 61,testuser61@example.com,Company 2,Title 2
Test User 62,testuser62@example.com,Company 3,Title 3
Test User 63,testuser63@example.com,Company 4,Title 4
Test User 64,testuser64@example.com,Company 5,Title 5
Test User 65,testuser65@example.com,Company 6,Title 1
Test User 66,testuser66@example.com,Company 7,Title 2
Test User 67,testuser67@example.com,Company 8,Title 3
Test User 68,testuser68@example.com,Company 9,Title 4
Test User 69,testuser69@example.com,Company 10,Title 5
Test User 70,testuser70@example.com,Company 1,Title 1
Test User 71,testuser71@example.com,Company 2,Title 2
Test User 72,testuser72@example.com,Company 3,Title 3
Test User 73,testuser73@example.com,Company 4,Title 4
Test User 74,testuser74@example.com,Company 5,Title 5
Test User 75,testuser75@example.com,Company 6,Title 1
Test User 76,testuser76@example.com,Company 7,Title 2
Test User 77,testuser77@example.com,Company 8,Title 3
Test User 78,testuser78@example.com,Company 9,Title 4
Test User 79,testuser79@example.com,Company 10,Title 5
Test User 80,testuser80@example.com,Company 1,Title 1
Test User 81,testuser81@example.com,Company 2,Title 2
Test User 82,testuser82@example.com,Company 3,Title 3
Test User 83,testuser83@example.com,Company 4,Title 4
Test User 84,testuser84@example.com,Company 5,Title 5
Test User 85,testuser85@example.com,Company 6,Title 1
Test User 86,testuser86@example.com,Company 7,Title 2
Test User 87,testuser87@example.com,Company 8,Title 3
Test User 88,testuser88@example.com,Company 9,Title 4
Test User 89,testuser89@example.com,Company 10,Title 5
Test User 90,testuser90@example.com,Company 1,Title 1
Test User 91,testuser91@example.com,Company 2,Title 2
Test User 92,testuser92@example.com,Company 3,Title 3
Test User 93,testuser93@example.com,Company 4,Title 4
Test User 94,testuser94@example.com,Company 5,Title 5
Test User 95,testuser95@example.com,Company 6,Title 1
Test User 96,testuser96@example.com,Company 7,Title 2
Test User 97,testuser97@example.com,Company 8,Title 3
Test User 98,testuser98@example.com,Company 9,Title 4
Test User 99,testuser99@example.com,Company 10,Title 5
Test User 100,testuser100@example.com,Company 1,Title 1
Test User 101,testuser101@example.com,Company 2,Title 2
Test User 102,testuser102@example.com,Company 3,Title 3
Test User 103,testuser103@example.com,Company 4,Title 4
Test User 104,testuser104@example.com,Company 5,Title 5
Test User 105,testuser105@example.com,Company 6,Title 1
Test User 106,testuser106@example.com,Company 7,Title 2
Test User 107,testuser107@example.com,Company 8,Title 3
Test User 108,testuser108@example.com,Company 9,Title 4
Test User 109,testuser109@example.com,Company 10,Title 5
Test User 110,testuser110@example.com,Company 1,Title 1
Test User 111,testuser111@example.com,Company 2,Title 2
Test User 112,testuser112@example.com,Company 3,Title 3
Test User 113,testuser113@example.com,Company 4,Title 4
Test User 114,testuser114@example.com,Company 5,Title 5
Test User 115,testuser115@example.com,Company 6,Title 1
Test User 116,testuser116@example.com,Company 7,Title 2
Test User 117,testuser117@example.com,Company 8,Title 3
Test User 118,testuser118@example.com,Company 9,Title 4
Test User 119,testuser119@example.com,Company 10,Title 5
Test User 120,testuser120@example.com,Company 1,Title 1
Test User 121,testuser121@example.com,Company 2,Title 2
Test User 122,testuser122@example.com,Company 3,Title 3
Test User 123,testuser123@example.com,Company 4,Title 4
Test User 124,testuser124@example.com,Company 5,Title 5
Test User 125,testuser125@example.com,Company 6,Title 1
Test User 126,testuser126@example.com,Company 7,Title 2
Test User 127,testuser127@example.com,Company 8,Title 3
Test User 128,testuser128@example.com,Company 9,Title 4
Test User 129,testuser129@example.com,Company 10,Title 5
Test User 130,testuser130@example.com,Company 1,Title 1
Test User 131,testuser131@example.com,Company 2,Title 2
Test User 132,testuser132@example.com,Company 3,Title 3
Test User 133,testuser133@example.com,Company 4,Title 4
Test User 134,testuser134@example.com,Company 5,Title 5
Test User 135,testuser135@example.com,Company 6,Title 1
Test User 136,testuser136@example.com,Company 7,Title 2
Test User 137,testuser137@example.com,Company 8,Title 3
Test User 138,testuser138@example.com,Company 9,Title 4
Test User 139,testuser139@example.com,Company 10,Title 5
Test User 140,testuser140@example.com,Company 1,Title 1
Test User 141,testuser141@example.com,Company 2,Title 2
Test User 142,testuser142@example.com,Company 3,Title 3
Test User 143,testuser143@example.com,Company 4,Title 4
Test User 144,testuser144@example.com,Company 5,Title 5
Test User 145,testuser145@example.com,Company 6,Title 1
Test User 146,testuser146@example.com,Company 7,Title 2
Test User 147,testuser147@example.com,Company 8,Title 3
Test User 148,testuser148@example.com,Company 9,Title 4
Test User 149,testuser149@example.com,Company 10,Title 5
Test User 150,testuser150@example.com,Company 1,Title 1
Test User 151,testuser151@example.com,Company 2,Title 2
Test User 152,testuser152@example.com,Company 3,Title 3
Test User 153,testuser153@example.com,Company 4,Title 4
Test User 154,testuser154@example.com,Company 5,Title 5
Test User 155,testuser155@example.com,Company 6,Title 1
Test User 156,testuser156@example.com,Company 7,Title 2
Test User 157,testuser157@example.com,Company 8,Title 3
Test User 158,testuser158@example.com,Company 9,Title 4
Test User 159,testuser159@example.com,Company 10,Title 5
Test User 160,testuser160@example.com,Company 1,Title 1
Test User 161,testuser161@example.com,Company 2,Title 2
Test User 162,testuser162@example.com,Company 3,Title 3
Test User 163,testuser163@example.com,Company 4,Title 4
Test User 164,testuser164@example.com,Company 5,Title 5
Test User 165,testuser165@example.com,Company 6,Title 1
Test User 166,testuser166@example.com,Company 7,Title 2
Test User 167,testuser167@example.com,Company 8,Title 3
Test User 168,testuser168@example.com,Company 9,Title 4
Test User 169,testuser169@example.com,Company 10,Title 5
Test User 170,testuser170@example.com,Company 1,Title 1
Test User 171,testuser171@example.com,Company 2,Title 2
Test User 172,testuser172@example.com,Company 3,Title 3
Test User 173,testuser173@example.com,Company 4,Title 4
Test User 174,testuser174@example.com,Company 5,Title 5
Test User 175,testuser175@example.com,Company 6,Title 1
Test User 176,testuser176@example.com,Company 7,Title 2
Test User 177,testuser177@example.com,Company 8,Title 3
Test User 178,testuser178@example.com,Company 9,Title 4
Test User 179,testuser179@example.com,Company 10,Title 5
Test User 180,testuser180@example.com,Company 1,Title 1
Test User 181,testuser181@example.com,Company 2,Title 2
Test User 182,testuser182@example.com,Company 3,Title 3
Test User 183,testuser183@example.com,Company 4,Title 4
Test User 184,testuser184@example.com,Company 5,Title 5
Test User 185,testuser185@example.com,Company 6,Title 1
Test User 186,testuser186@example.com,Company 7,Title 2
Test User 187,testuser187@example.com,Company 8,Title 3
Test User 188,testuser188@example.com,Company 9,Title 4
Test User 189,testuser189@example.com,Company 10,Title 5
Test User 190,testuser190@example.com,Company 1,Title 1
Test User 191,testuser191@example.com,Company 2,Title 2
Test User 192,testuser192@example.com,Company 3,Title 3
Test User 193,testuser193@example.com,Company 4,Title 4
Test User 194,testuser194@example.com,Company 5,Title 5
Test User 195,testuser195@example.com,Company 6,Title 1
Test User 196,testuser196@example.com,Company 7,Title 2
Test User 197,testuser197@example.com,Company 8,Title 3
Test User 198,testuser198@example.com,Company 9,Title 4
Test User 199,testuser199@example.com,Company 10,Title 5
Test User 200,testuser200@example.com,Company 1,Title 1
